id,commodity,h2_consumption,h2_production,elec_consumption,ethylene_production,natgas_consumption,natgas_production,process_capture_rate,process_emission_rate,fuel_capture_rate,fuel_emission_rate,investment_cost,fixed_om_cost,variable_om_cost
Existing_CA_F-NGin-H2out,Ethane,0.0,0.15555899920781585,0.0,0.04858351935980771,0.168122740326781,0.0,0,0.01967126002520943,0,0.03074810841576036,90689.94866168762,49635.759267535745,-2.393332994100141
Existing_NW_F-NGin-H2out,Ethane,0.0,0.15555899920781585,0.0,0.04858351935980771,0.168122740326781,0.0,0,0.01967126002520943,0,0.03074810841576036,90689.94866168762,49635.759267535745,-2.393332994100141
Existing_SW_F-NGin-H2out,Ethane,0.0,0.15555899920781585,0.0,0.04858351935980771,0.168122740326781,0.0,0,0.01967126002520943,0,0.03074810841576036,90689.94866168762,49635.759267535745,-2.393332994100141
Existing_TX_F-NGin-H2out,Ethane,0.0,0.15555899920781585,0.0,0.04858351935980771,0.168122740326781,0.0,0,0.01967126002520943,0,0.03074810841576036,90689.94866168762,49635.759267535745,-2.393332994100141
Existing_NCEN_F-NGin-H2out,Ethane,0.0,0.15555899920781585,0.0,0.04858351935980771,0.168122740326781,0.0,0,0.01967126002520943,0,0.03074810841576036,90689.94866168762,49635.759267535745,-2.393332994100141
Existing_CEN_F-NGin-H2out,Ethane,0.0,0.15555899920781585,0.0,0.04858351935980771,0.168122740326781,0.0,0,0.01967126002520943,0,0.03074810841576036,90689.94866168762,49635.759267535745,-2.393332994100141
Existing_SE_F-NGin-H2out,Ethane,0.0,0.15555899920781585,0.0,0.04858351935980771,0.168122740326781,0.0,0,0.01967126002520943,0,0.03074810841576036,90689.94866168762,49635.759267535745,-2.393332994100141
Existing_MIDAT_F-NGin-H2out,Ethane,0.0,0.15555899920781585,0.0,0.04858351935980771,0.168122740326781,0.0,0,0.01967126002520943,0,0.03074810841576036,90689.94866168762,49635.759267535745,-2.393332994100141
Existing_NE_F-NGin-H2out,Ethane,0.0,0.15555899920781585,0.0,0.04858351935980771,0.168122740326781,0.0,0,0.01967126002520943,0,0.03074810841576036,90689.94866168762,49635.759267535745,-2.393332994100141
